"No.","Exon / Intron","Start","End","Start Phase","End Phase","Length","Sequence"
"","5' upstream sequence","","","","","","                              {""url"":""/Homo_sapiens/Component/Transcript/Exons/exons?db=core;g=ENSG00000179915;r=2:50145643-51259674;t=ENST00000406316;time=1670428001237.237;adorn=only"",""provisional"":{""legend"":{""_messages"":[],""exons/Introns"":{""flanking"":{""default"":null,""class"":""ef"",""label"":""#008000"",""text"":""Flanking sequence""}}},""ref"":{""style"":[[0,""""],[0,""color:#008000""]]},""flourishes"":{},""expect"":[],""seq"":[{""style"":[1]}]}}                ..........ggctacgtggttctctggttcgtgttcgttcgttctctctctctctctct                "
"1","ENSE00001547151","51,259,674","51,259,119","-","-","556","                              {""url"":""/Homo_sapiens/Component/Transcript/Exons/exons?db=core;g=ENSG00000179915;r=2:50145643-51259674;t=ENST00000406316;time=1670428001237.237;adorn=only"",""provisional"":{""ref"":{""style"":[[0,""""],[0,""color:#cd6839""]]},""flourishes"":{},""legend"":{""_messages"":[],""exons/Introns"":{""exon1"":{""label"":""#1044ee"",""text"":""Translated sequence"",""class"":""e1"",""default"":null},""utr"":{""text"":""UTR"",""label"":""#cd6839"",""class"":""eu"",""default"":null},""flanking"":{""default"":null,""class"":""ef"",""label"":""#008000"",""text"":""Flanking sequence""}}},""seq"":[{""style"":[1]},-8,{""style"":[1,-15,0]}],""expect"":[]}}                CTCTCTCTCTCTCTCTCTCTCTCTCTTTCTTTCTTTCCGATGGGGAAGAGAGGGTGGTGACAAGTTAGAAGCGCTTGCGGAAGGTCCCCGCCCCCAGGATCAGGCTCCCCCTGCAAGGGGACGATGCAAAGGTAAAAGCACCTCGCTCCGCAGCATCCAGACCTGGAGGGGCTGCGACCACGGGCCGAGCCCACCCATTCCCCAGCCAAAGGACGGGCCCGCCGCTCTCCATGGTACTGCGGAGAGCTCAGCTCCGCCCTTCTCTTTCAGAAGGACAGCACCCGGCGTCACGTAACCCAGCCTTCTCAGGCTCCACCACCGCCTTTTCCTTCCCAGCTCTTTCCCTCTCCTCCCCCTCCTCCTCCTTCTCCTCCTCCTCCTCCTCCTGCTCCCCTCCGTTGCCTGTTCTCCCCTCCCGCACTCCTGGAGATAGACGCTCAAGCCTGACGCCTCTGAAAAGGCAGCAGCAGTCGCCTTATCCATAGACCTCAGGAAATTCGCTTTGACCGATGCATGCTTCAGGCTCTGGCTCGAGCTGAGGGGAATAACCGGGCAG                                                            "
" ","Intron 1-2","51,259,118","51,256,333","","","2,786","                              {""url"":""/Homo_sapiens/Component/Transcript/Exons/exons?db=core;g=ENSG00000179915;r=2:50145643-51259674;t=ENST00000406316;time=1670428001237.237;adorn=only"",""provisional"":{""expect"":[],""seq"":[{""style"":[1]}],""legend"":{""_messages"":[],""exons/Introns"":{""exon1"":{""label"":""#1044ee"",""text"":""Translated sequence"",""class"":""e1"",""default"":null},""utr"":{""label"":""#cd6839"",""text"":""UTR"",""class"":""eu"",""default"":null},""flanking"":{""label"":""#008000"",""text"":""Flanking sequence"",""class"":""ef"",""default"":null},""intron"":{""class"":""ei"",""default"":null,""text"":""Intron sequence"",""label"":""#aaaaaa""}}},""flourishes"":{},""ref"":{""style"":[[0,""""],[0,""color:#aaaaaa""]]}}}                gtaaagaagctcaatttgggttggg..........taattttgactttaattctctgcag                "
"2","ENSE00002171876","51,256,332","51,254,640","-","1","1,693","                              {""provisional"":{""expect"":[],""seq"":[{""style"":[2]},-14,{""style"":[2,-20,1]},{""style"":[1]},-11,{""style"":[1,-12,0]}],""legend"":{""_messages"":[],""exons/Introns"":{""exon1"":{""default"":null,""class"":""e1"",""text"":""Translated sequence"",""label"":""#1044ee""},""utr"":{""label"":""#cd6839"",""text"":""UTR"",""class"":""eu"",""default"":null},""flanking"":{""text"":""Flanking sequence"",""label"":""#008000"",""class"":""ef"",""default"":null},""intron"":{""default"":null,""class"":""ei"",""label"":""#aaaaaa"",""text"":""Intron sequence""}}},""flourishes"":{},""ref"":{""style"":[[0,""""],[0,""color:#1044ee""],[7,""cd6839""]]}},""url"":""/Homo_sapiens/Component/Transcript/Exons/exons?db=core;g=ENSG00000179915;r=2:50145643-51259674;t=ENST00000406316;time=1670428001237.237;adorn=only""}                ATGTCTGAGTCCTTAAAAAAGACAAGATAAAACCAAAATGCATCACCAACACACAACCAATTGATGTGCTGGCATCTTAGCTTGGCCCTGCAGAGGCAGAGAGAAAAGAAGAGGAGCTGTTGCGATTTCCACATCTAACAGCTTCTGGCTATTTCGCAACTGCTGGGTTTGAGTCCTACTGTTGCCGTGGCTGAAAAGAGAAGTAAAATCCAACTTGTGAGACCACGCACAAGGAATTAGGCTTTGGCTGCAGCGGTGCTGAAGCCCATGCTATGACAGAAGAAGCAGGCCTTTGAAGCTATCCTCGGGTTAAGAAATGGTGCCCTAAAGAGGCAAGCATCCCTTTCTCCGTTCTGCTGTAAGACACCACATCTGAAGGAGACAGACTTGAGGCATTCACAAGCATCCAAGGATACTGGCTCACTGCTGGCTTCCTGTACTTTCTTGAGAAAAGTGTTTTCTTTTTACTGACTCTCACTGCTTCCTTTTGGCCTGGTACCACTGGTGGAACCTGGCAGATAATGGGATTTGAGGAGTTAAGTATCTGTTGACACTGCAGATACTCTTAAATTAGTTAATCAGACTCAAATGGGTCAGTGCTTTCCCTTGATCTTTTGTTGAAGCCTTTTCCAGAACGTTGTCTCCAAAGTGCATCCTCCCTTTGGTCTGGAAGTTCTGTGGCTACCCTGTACCACTGGGGTCAACGTTTTCCAGTTGGAAGAGGACTACAGGGAGAGAGGGCGGGGTTATTGGAAGAAGAAGAAGAAAAAAAGAACTAGATAAAGGAGGGCACATCCCTCTCACTCCCGCCTTTCCCCTTACCTTTCTGTCTCTCGGGACCCTTATTTCTTCGTCACGGTGTCCAGGACCATTTTGACCCTGTCGGCCCCGGCACCCCCCCGCCGCACCCCAGCCCCGAGCATGGGGACGGCGCTGCTCCAGCGCGGGGGCTGTTTTCTTCTGTGCCTCTCGCTGCTGCTCCTGGGCTGCTGGGCGGAGCTGGGCAGCGGGCTGGAGTTTCCGGGCGCCGAGGGCCAATGGACGCGCTTCCCCAAGTGGAACGCCTGCTGCGAGAGCGAGATGAGCTTCCAGCTCAAGACTCGCAGCGCCCGCGGCCTCGTGCTCTACTTCGACGACGAGGGCTTCTGCGACTTCCTGGAGCTGATTCTGACGCGCGGCGGCCGCCTGCAGCTCAGCTTCTCCATCTTCTGCGCTGAGCCTGCGACGCTCCTGGCCGACACGCCGGTTAACGACGGCGCCTGGCACAGCGTGCGCATCCGCCGCCAGTTCCGCAACACCACGCTCTTCATCGACCAGGTGGAGGCCAAGTGGGTGGAGGTCAAGTCCAAGCGCAGGGACATGACGGTGTTCAGCGGCCTTTTCGTCGGGGGGCTGCCCCCGGAACTGCGCGCCGCGGCGCTCAAGCTCACCCTGGCCTCGGTGAGGGAGCGGGAGCCCTTCAAGGGGTGGATTCGTGACGTGAGGGTCAACTCCTCGCAGGTCCTGCCCGTGGACAGCGGCGAGGTGAAGCTGGACGATGAGCCGCCCAACAGCGGCGGGGGAAGCCCGTGCGAGGCGGGCGAGGAGGGCGAGGGCGGGGTGTGCCTCAACGGAGGTGTGTGCTCCGTGGTGGACGACCAGGCCGTGTGCGACTGCTCGCGAACCGGCTTCCGCGGCAAGGACTGCAGCCAAG                                                               "
" ","Intron 2-3","51,254,639","51,153,094","","","101,546","                              {""url"":""/Homo_sapiens/Component/Transcript/Exons/exons?db=core;g=ENSG00000179915;r=2:50145643-51259674;t=ENST00000406316;time=1670428001237.237;adorn=only"",""provisional"":{""ref"":{""style"":[[0,""""],[0,""color:#aaaaaa""]]},""flourishes"":{},""legend"":{""_messages"":[],""exons/Introns"":{""exon1"":{""default"":null,""class"":""e1"",""text"":""Translated sequence"",""label"":""#1044ee""},""utr"":{""class"":""eu"",""default"":null,""label"":""#cd6839"",""text"":""UTR""},""flanking"":{""text"":""Flanking sequence"",""label"":""#008000"",""default"":null,""class"":""ef""},""intron"":{""label"":""#aaaaaa"",""text"":""Intron sequence"",""default"":null,""class"":""ei""}}},""seq"":[{""style"":[1]}],""expect"":[]}}                gtaaggcccgacgcccgacccacgg..........ctccctccttgtcatgtgctttcag                "
"3","ENSE00002482562","51,153,093","51,153,076","1","1","18","                              {""provisional"":{""ref"":{""style"":[[0,""""],[0,""color:#1044ee""]]},""flourishes"":{},""legend"":{""_messages"":[],""exons/Introns"":{""exon1"":{""default"":null,""class"":""e1"",""label"":""#1044ee"",""text"":""Translated sequence""},""utr"":{""text"":""UTR"",""label"":""#cd6839"",""default"":null,""class"":""eu""},""flanking"":{""text"":""Flanking sequence"",""label"":""#008000"",""default"":null,""class"":""ef""},""intron"":{""class"":""ei"",""default"":null,""text"":""Intron sequence"",""label"":""#aaaaaa""}}},""seq"":[{""style"":[1,-17,0]}],""expect"":[]},""url"":""/Homo_sapiens/Component/Transcript/Exons/exons?db=core;g=ENSG00000179915;r=2:50145643-51259674;t=ENST00000406316;time=1670428001237.237;adorn=only""}                AAGACAACAATGTGGAAG                                                          "
" ","Intron 3-4","51,153,075","51,149,826","","","3,250","                              {""provisional"":{""legend"":{""_messages"":[],""exons/Introns"":{""exon1"":{""class"":""e1"",""default"":null,""text"":""Translated sequence"",""label"":""#1044ee""},""utr"":{""class"":""eu"",""default"":null,""text"":""UTR"",""label"":""#cd6839""},""flanking"":{""class"":""ef"",""default"":null,""label"":""#008000"",""text"":""Flanking sequence""},""intron"":{""text"":""Intron sequence"",""label"":""#aaaaaa"",""class"":""ei"",""default"":null}}},""flourishes"":{},""ref"":{""style"":[[0,""""],[0,""color:#aaaaaa""]]},""expect"":[],""seq"":[{""style"":[1]}]},""url"":""/Homo_sapiens/Component/Transcript/Exons/exons?db=core;g=ENSG00000179915;r=2:50145643-51259674;t=ENST00000406316;time=1670428001237.237;adorn=only""}                gtgggtgctttctaccttatttttc..........gactgtgctcttgtttcccttcaag                "
"4","ENSE00003437132","51,149,825","51,149,796","1","1","30","                              {""provisional"":{""legend"":{""_messages"":[],""exons/Introns"":{""exon1"":{""text"":""Translated sequence"",""label"":""#1044ee"",""default"":null,""class"":""e1""},""utr"":{""class"":""eu"",""default"":null,""label"":""#cd6839"",""text"":""UTR""},""flanking"":{""class"":""ef"",""default"":null,""text"":""Flanking sequence"",""label"":""#008000""},""intron"":{""class"":""ei"",""default"":null,""label"":""#aaaaaa"",""text"":""Intron sequence""}}},""ref"":{""style"":[[0,""""],[0,""color:#1044ee""]]},""flourishes"":{},""expect"":[],""seq"":[{""style"":[1,-29,0]}]},""url"":""/Homo_sapiens/Component/Transcript/Exons/exons?db=core;g=ENSG00000179915;r=2:50145643-51259674;t=ENST00000406316;time=1670428001237.237;adorn=only""}                GTCTGGCGCACCTGATGATGGGCGACCAAG                                              "
" ","Intron 4-5","51,149,795","51,149,019","","","777","                              {""provisional"":{""legend"":{""_messages"":[],""exons/Introns"":{""exon1"":{""text"":""Translated sequence"",""label"":""#1044ee"",""class"":""e1"",""default"":null},""utr"":{""text"":""UTR"",""label"":""#cd6839"",""class"":""eu"",""default"":null},""flanking"":{""text"":""Flanking sequence"",""label"":""#008000"",""class"":""ef"",""default"":null},""intron"":{""label"":""#aaaaaa"",""text"":""Intron sequence"",""class"":""ei"",""default"":null}}},""flourishes"":{},""ref"":{""style"":[[0,""""],[0,""color:#aaaaaa""]]},""expect"":[],""seq"":[{""style"":[1]}]},""url"":""/Homo_sapiens/Component/Transcript/Exons/exons?db=core;g=ENSG00000179915;r=2:50145643-51259674;t=ENST00000406316;time=1670428001237.237;adorn=only""}                gtatgggctctgttccttttccact..........tggacccatttcatcaaatccatag                "
"5","ENSE00002446452","51,149,018","51,149,007","1","1","12","                              {""url"":""/Homo_sapiens/Component/Transcript/Exons/exons?db=core;g=ENSG00000179915;r=2:50145643-51259674;t=ENST00000406316;time=1670428001237.237;adorn=only"",""provisional"":{""flourishes"":{},""ref"":{""style"":[[0,""""],[0,""color:#1044ee""]]},""legend"":{""_messages"":[],""exons/Introns"":{""exon1"":{""label"":""#1044ee"",""text"":""Translated sequence"",""default"":null,""class"":""e1""},""utr"":{""text"":""UTR"",""label"":""#cd6839"",""default"":null,""class"":""eu""},""flanking"":{""default"":null,""class"":""ef"",""text"":""Flanking sequence"",""label"":""#008000""},""intron"":{""class"":""ei"",""default"":null,""text"":""Intron sequence"",""label"":""#aaaaaa""}}},""seq"":[{""style"":[1,-11,0]}],""expect"":[]}}                GTAAAAGTAAAG                                                                "
" ","Intron 5-6","51,149,006","50,850,754","","","298,253","                              {""provisional"":{""seq"":[{""style"":[1]}],""expect"":[],""flourishes"":{},""ref"":{""style"":[[0,""""],[0,""color:#aaaaaa""]]},""legend"":{""_messages"":[],""exons/Introns"":{""exon1"":{""class"":""e1"",""default"":null,""label"":""#1044ee"",""text"":""Translated sequence""},""utr"":{""class"":""eu"",""default"":null,""text"":""UTR"",""label"":""#cd6839""},""flanking"":{""class"":""ef"",""default"":null,""label"":""#008000"",""text"":""Flanking sequence""},""intron"":{""default"":null,""class"":""ei"",""text"":""Intron sequence"",""label"":""#aaaaaa""}}}},""url"":""/Homo_sapiens/Component/Transcript/Exons/exons?db=core;g=ENSG00000179915;r=2:50145643-51259674;t=ENST00000406316;time=1670428001237.237;adorn=only""}                gtattacattattttatttcttctt..........gtatgtatcatctgttttcctctag                "
"6","ENSE00003649136","50,850,753","50,850,452","1","0","302","                              {""url"":""/Homo_sapiens/Component/Transcript/Exons/exons?db=core;g=ENSG00000179915;r=2:50145643-51259674;t=ENST00000406316;time=1670428001237.237;adorn=only"",""provisional"":{""legend"":{""_messages"":[],""exons/Introns"":{""exon1"":{""label"":""#1044ee"",""text"":""Translated sequence"",""class"":""e1"",""default"":null},""utr"":{""default"":null,""class"":""eu"",""text"":""UTR"",""label"":""#cd6839""},""flanking"":{""label"":""#008000"",""text"":""Flanking sequence"",""class"":""ef"",""default"":null},""intron"":{""text"":""Intron sequence"",""label"":""#aaaaaa"",""class"":""ei"",""default"":null}}},""ref"":{""style"":[[0,""""],[0,""color:#1044ee""]]},""flourishes"":{},""expect"":[],""seq"":[{""style"":[1]},-4,{""style"":[1,-1,0]}]}}                GAAAAGAAGAATATATTGCCACGTTCAAAGGATCTGAATACTTCTGCTACGACTTGTCTCAAAACCCCATTCAAAGCAGCAGTGATGAAATAACTCTGTCATTTAAAACCCTTCAGAGGAATGGACTGATGCTTCACACTGGGAAATCGGCTGATTATGTCAATCTTGCCCTGAAAAATGGAGCTGTCTCTCTGGTCATTAATTTGGGATCAGGGGCCTTTGAAGCACTAGTGGAGCCTGTGAATGGAAAGTTTAATGATAATGCCTGGCATGATGTGAAAGTCACCAGGAATCTGCGTCAG                                                                          "
" ","Intron 6-7","50,850,451","50,848,388","","","2,064","                              {""provisional"":{""expect"":[],""seq"":[{""style"":[1]}],""legend"":{""_messages"":[],""exons/Introns"":{""exon1"":{""class"":""e1"",""default"":null,""label"":""#1044ee"",""text"":""Translated sequence""},""utr"":{""text"":""UTR"",""label"":""#cd6839"",""default"":null,""class"":""eu""},""flanking"":{""class"":""ef"",""default"":null,""label"":""#008000"",""text"":""Flanking sequence""},""intron"":{""text"":""Intron sequence"",""label"":""#aaaaaa"",""class"":""ei"",""default"":null}}},""ref"":{""style"":[[0,""""],[0,""color:#aaaaaa""]]},""flourishes"":{}},""url"":""/Homo_sapiens/Component/Transcript/Exons/exons?db=core;g=ENSG00000179915;r=2:50145643-51259674;t=ENST00000406316;time=1670428001237.237;adorn=only""}                gtaacagcgcagtggataagagagt..........cctttctccccccttctccacaaag                "
"7","ENSE00002433390","50,848,387","50,848,364","0","0","24","                              {""url"":""/Homo_sapiens/Component/Transcript/Exons/exons?db=core;g=ENSG00000179915;r=2:50145643-51259674;t=ENST00000406316;time=1670428001237.237;adorn=only"",""provisional"":{""legend"":{""_messages"":[],""exons/Introns"":{""exon1"":{""label"":""#1044ee"",""text"":""Translated sequence"",""class"":""e1"",""default"":null},""utr"":{""default"":null,""class"":""eu"",""label"":""#cd6839"",""text"":""UTR""},""flanking"":{""default"":null,""class"":""ef"",""label"":""#008000"",""text"":""Flanking sequence""},""intron"":{""class"":""ei"",""default"":null,""label"":""#aaaaaa"",""text"":""Intron sequence""}}},""ref"":{""style"":[[0,""""],[0,""color:#1044ee""]]},""flourishes"":{},""expect"":[],""seq"":[{""style"":[1,-23,0]}]}}                CACTCAGGCATTGGACACGCTATG                                                    "
" ","Intron 7-8","50,848,363","50,847,322","","","1,042","                              {""url"":""/Homo_sapiens/Component/Transcript/Exons/exons?db=core;g=ENSG00000179915;r=2:50145643-51259674;t=ENST00000406316;time=1670428001237.237;adorn=only"",""provisional"":{""legend"":{""_messages"":[],""exons/Introns"":{""exon1"":{""default"":null,""class"":""e1"",""text"":""Translated sequence"",""label"":""#1044ee""},""utr"":{""label"":""#cd6839"",""text"":""UTR"",""class"":""eu"",""default"":null},""flanking"":{""default"":null,""class"":""ef"",""text"":""Flanking sequence"",""label"":""#008000""},""intron"":{""text"":""Intron sequence"",""label"":""#aaaaaa"",""class"":""ei"",""default"":null}}},""ref"":{""style"":[[0,""""],[0,""color:#aaaaaa""]]},""flourishes"":{},""expect"":[],""seq"":[{""style"":[1]}]}}                gtaaacaaactacattgttcggtag..........cctttccctgtgctttgttatctag                "
"8","ENSE00003496186","50,847,321","50,847,160","0","0","162","                              {""provisional"":{""ref"":{""style"":[[0,""""],[0,""color:#1044ee""]]},""flourishes"":{},""legend"":{""_messages"":[],""exons/Introns"":{""exon1"":{""class"":""e1"",""default"":null,""text"":""Translated sequence"",""label"":""#1044ee""},""utr"":{""class"":""eu"",""default"":null,""text"":""UTR"",""label"":""#cd6839""},""flanking"":{""class"":""ef"",""default"":null,""text"":""Flanking sequence"",""label"":""#008000""},""intron"":{""default"":null,""class"":""ei"",""label"":""#aaaaaa"",""text"":""Intron sequence""}}},""seq"":[{""style"":[1]},-1,{""style"":[1,-41,0]}],""expect"":[]},""url"":""/Homo_sapiens/Component/Transcript/Exons/exons?db=core;g=ENSG00000179915;r=2:50145643-51259674;t=ENST00000406316;time=1670428001237.237;adorn=only""}                GTGACAATATCAGTGGATGGGATTCTTACCACAACGGGCTACACGCAAGAAGATTATACCATGCTGGGGTCTGATGACTTTTTCTATGTTGGAGGCAGTCCCAGCACAGCCGACCTTCCAGGGTCACCAGTCAGTAACAACTTTATGGGCTGTCTCAAAGAG                                  "
" ","Intron 8-9","50,847,159","50,780,164","","","66,996","                              {""url"":""/Homo_sapiens/Component/Transcript/Exons/exons?db=core;g=ENSG00000179915;r=2:50145643-51259674;t=ENST00000406316;time=1670428001237.237;adorn=only"",""provisional"":{""seq"":[{""style"":[1]}],""expect"":[],""ref"":{""style"":[[0,""""],[0,""color:#aaaaaa""]]},""flourishes"":{},""legend"":{""_messages"":[],""exons/Introns"":{""exon1"":{""class"":""e1"",""default"":null,""text"":""Translated sequence"",""label"":""#1044ee""},""utr"":{""text"":""UTR"",""label"":""#cd6839"",""class"":""eu"",""default"":null},""flanking"":{""label"":""#008000"",""text"":""Flanking sequence"",""class"":""ef"",""default"":null},""intron"":{""default"":null,""class"":""ei"",""label"":""#aaaaaa"",""text"":""Intron sequence""}}}}}                gtaaatatcgttgccatcagaatca..........tctcactgctatcctctgcccacag                "
"9","ENSE00003610684","50,780,163","50,779,725","0","1","439","                              {""provisional"":{""expect"":[],""seq"":[{""style"":[1]},-6,{""style"":[1,-18,0]}],""legend"":{""_messages"":[],""exons/Introns"":{""exon1"":{""default"":null,""class"":""e1"",""label"":""#1044ee"",""text"":""Translated sequence""},""utr"":{""label"":""#cd6839"",""text"":""UTR"",""class"":""eu"",""default"":null},""flanking"":{""default"":null,""class"":""ef"",""label"":""#008000"",""text"":""Flanking sequence""},""intron"":{""text"":""Intron sequence"",""label"":""#aaaaaa"",""default"":null,""class"":""ei""}}},""flourishes"":{},""ref"":{""style"":[[0,""""],[0,""color:#1044ee""]]}},""url"":""/Homo_sapiens/Component/Transcript/Exons/exons?db=core;g=ENSG00000179915;r=2:50145643-51259674;t=ENST00000406316;time=1670428001237.237;adorn=only""}                GTTGTATATAAAAATAATGATGTGAGGCTGGAATTATCTCGACTTGCCAAGCAAGGAGATCCTAAGATGAAGATCCATGGAGTGGTGGCATTTAAATGTGAGAATGTTGCAACTTTAGACCCAATCACCTTTGAAACCCCAGAGTCTTTCATCTCTTTGCCTAAATGGAATGCAAAGAAAACTGGCTCCATATCATTTGATTTCCGTACAACAGAGCCAAATGGCCTCATCTTATTTAGCCATGGCAAGCCAAGACATCAGAAAGATGCCAAGCACCCACAGATGATAAAGGTGGACTTCTTTGCTATTGAGATGCTAGATGGCCACCTCTACCTCCTCCTGGACATGGGGTCAGGTACTATAAAAATAAAAGCCCTGTTGAAGAAAGTGAATGATGGAGAATGGTATCATGTGGACTTCCAGAGAGACGGACGGTCAG                                                         "
" ","Intron 9-10","50,779,724","50,765,775","","","13,950","                              {""provisional"":{""seq"":[{""style"":[1]}],""expect"":[],""ref"":{""style"":[[0,""""],[0,""color:#aaaaaa""]]},""flourishes"":{},""legend"":{""_messages"":[],""exons/Introns"":{""exon1"":{""text"":""Translated sequence"",""label"":""#1044ee"",""default"":null,""class"":""e1""},""utr"":{""text"":""UTR"",""label"":""#cd6839"",""class"":""eu"",""default"":null},""flanking"":{""class"":""ef"",""default"":null,""label"":""#008000"",""text"":""Flanking sequence""},""intron"":{""text"":""Intron sequence"",""label"":""#aaaaaa"",""class"":""ei"",""default"":null}}}},""url"":""/Homo_sapiens/Component/Transcript/Exons/exons?db=core;g=ENSG00000179915;r=2:50145643-51259674;t=ENST00000406316;time=1670428001237.237;adorn=only""}                gtaatcttatcatttttctatgctg..........gtgcattctcctctctttgaaatag                "
"10","ENSE00003641882","50,765,774","50,765,391","1","1","384","                              {""provisional"":{""seq"":[{""style"":[1]},-5,{""style"":[1,-23,0]}],""expect"":[],""ref"":{""style"":[[0,""""],[0,""color:#1044ee""]]},""flourishes"":{},""legend"":{""_messages"":[],""exons/Introns"":{""exon1"":{""default"":null,""class"":""e1"",""label"":""#1044ee"",""text"":""Translated sequence""},""utr"":{""text"":""UTR"",""label"":""#cd6839"",""class"":""eu"",""default"":null},""flanking"":{""text"":""Flanking sequence"",""label"":""#008000"",""class"":""ef"",""default"":null},""intron"":{""class"":""ei"",""default"":null,""text"":""Intron sequence"",""label"":""#aaaaaa""}}}},""url"":""/Homo_sapiens/Component/Transcript/Exons/exons?db=core;g=ENSG00000179915;r=2:50145643-51259674;t=ENST00000406316;time=1670428001237.237;adorn=only""}                GTACCATTTCTGTCAACACGTTGCGTACTCCCTACACTGCTCCTGGTGAGAGTGAGATTCTGGACCTGGATGATGAGTTGTACCTGGGGGGGCTGCCAGAAAATAAAGCTGGCCTTGTCTTCCCCACCGAGGTGTGGACTGCTCTGCTCAACTATGGCTACGTGGGCTGCATCAGGGATTTGTTCATCGATGGCCAAAGCAAAGATATCCGGCAAATGGCTGAAGTTCAAAGTACTGCTGGAGTGAAGCCTTCCTGCTCAAAGGAAACAGCAAAACCGTGCCTTAGCAACCCTTGCAAAAACAATGGCATGTGCAGGGATGGGTGGAACAGATATGTCTGTGATTGTTCCGGAACAGGCTATCTTGGCAGGTCCTGTGAGAGAG                                                    "
" ","Intron 10-11","50,765,390","50,758,569","","","6,822","                              {""provisional"":{""seq"":[{""style"":[1]}],""expect"":[],""flourishes"":{},""ref"":{""style"":[[0,""""],[0,""color:#aaaaaa""]]},""legend"":{""_messages"":[],""exons/Introns"":{""exon1"":{""class"":""e1"",""default"":null,""text"":""Translated sequence"",""label"":""#1044ee""},""utr"":{""label"":""#cd6839"",""text"":""UTR"",""default"":null,""class"":""eu""},""flanking"":{""text"":""Flanking sequence"",""label"":""#008000"",""class"":""ef"",""default"":null},""intron"":{""text"":""Intron sequence"",""label"":""#aaaaaa"",""default"":null,""class"":""ei""}}}},""url"":""/Homo_sapiens/Component/Transcript/Exons/exons?db=core;g=ENSG00000179915;r=2:50145643-51259674;t=ENST00000406316;time=1670428001237.237;adorn=only""}                gtaggattctaaaaccccagcagcc..........tatcatattcattttccatctctag                "
"11","ENSE00003502853","50,758,568","50,758,365","1","1","204","                              {""provisional"":{""seq"":[{""style"":[1]},-2,{""style"":[1,-23,0]}],""expect"":[],""flourishes"":{},""ref"":{""style"":[[0,""""],[0,""color:#1044ee""]]},""legend"":{""_messages"":[],""exons/Introns"":{""exon1"":{""default"":null,""class"":""e1"",""text"":""Translated sequence"",""label"":""#1044ee""},""utr"":{""label"":""#cd6839"",""text"":""UTR"",""class"":""eu"",""default"":null},""flanking"":{""text"":""Flanking sequence"",""label"":""#008000"",""class"":""ef"",""default"":null},""intron"":{""default"":null,""class"":""ei"",""label"":""#aaaaaa"",""text"":""Intron sequence""}}}},""url"":""/Homo_sapiens/Component/Transcript/Exons/exons?db=core;g=ENSG00000179915;r=2:50145643-51259674;t=ENST00000406316;time=1670428001237.237;adorn=only""}                AGGCAACGGTTTTGAGCTATGATGGGAGCATGTTTATGAAAATTCAGCTCCCCGTAGTCATGCATACGGAGGCTGAGGATGTTTCCTTACGGTTCCGATCCCAGCGTGCATATGGCATTCTGATGGCAACCACTTCTAGAGACTCTGCTGACACCCTCCGCCTGGAGCTAGACGCAGGACGTGTGAAACTGACGGTCAATCTAG                                                    "
" ","Intron 11-12","50,758,364","50,755,790","","","2,575","                              {""provisional"":{""flourishes"":{},""ref"":{""style"":[[0,""""],[0,""color:#aaaaaa""]]},""legend"":{""_messages"":[],""exons/Introns"":{""exon1"":{""text"":""Translated sequence"",""label"":""#1044ee"",""default"":null,""class"":""e1""},""utr"":{""text"":""UTR"",""label"":""#cd6839"",""class"":""eu"",""default"":null},""flanking"":{""text"":""Flanking sequence"",""label"":""#008000"",""class"":""ef"",""default"":null},""intron"":{""default"":null,""class"":""ei"",""text"":""Intron sequence"",""label"":""#aaaaaa""}}},""seq"":[{""style"":[1]}],""expect"":[]},""url"":""/Homo_sapiens/Component/Transcript/Exons/exons?db=core;g=ENSG00000179915;r=2:50145643-51259674;t=ENST00000406316;time=1670428001237.237;adorn=only""}                gtaacaacctgccttcccccattga..........ttttcatctattcttccccatctag                "
"12","ENSE00001476882","50,755,789","50,755,763","1","1","27","                              {""provisional"":{""flourishes"":{},""ref"":{""style"":[[0,""""],[0,""color:#1044ee""]]},""legend"":{""_messages"":[],""exons/Introns"":{""exon1"":{""label"":""#1044ee"",""text"":""Translated sequence"",""default"":null,""class"":""e1""},""utr"":{""class"":""eu"",""default"":null,""label"":""#cd6839"",""text"":""UTR""},""flanking"":{""default"":null,""class"":""ef"",""text"":""Flanking sequence"",""label"":""#008000""},""intron"":{""default"":null,""class"":""ei"",""label"":""#aaaaaa"",""text"":""Intron sequence""}}},""seq"":[{""style"":[1,-26,0]}],""expect"":[]},""url"":""/Homo_sapiens/Component/Transcript/Exons/exons?db=core;g=ENSG00000179915;r=2:50145643-51259674;t=ENST00000406316;time=1670428001237.237;adorn=only""}                ATTGTATCAGGATTAACTGTAATTCCA                                                 "
" ","Intron 12-13","50,755,762","50,733,756","","","22,007","                              {""provisional"":{""expect"":[],""seq"":[{""style"":[1]}],""legend"":{""_messages"":[],""exons/Introns"":{""exon1"":{""label"":""#1044ee"",""text"":""Translated sequence"",""default"":null,""class"":""e1""},""utr"":{""label"":""#cd6839"",""text"":""UTR"",""class"":""eu"",""default"":null},""flanking"":{""text"":""Flanking sequence"",""label"":""#008000"",""class"":""ef"",""default"":null},""intron"":{""label"":""#aaaaaa"",""text"":""Intron sequence"",""default"":null,""class"":""ei""}}},""flourishes"":{},""ref"":{""style"":[[0,""""],[0,""color:#aaaaaa""]]}},""url"":""/Homo_sapiens/Component/Transcript/Exons/exons?db=core;g=ENSG00000179915;r=2:50145643-51259674;t=ENST00000406316;time=1670428001237.237;adorn=only""}                gtaagtgcctattcaaaatttttaa..........aatgactgtttggcatattctacag                "
"13","ENSE00003517428","50,733,755","50,733,633","1","1","123","                              {""url"":""/Homo_sapiens/Component/Transcript/Exons/exons?db=core;g=ENSG00000179915;r=2:50145643-51259674;t=ENST00000406316;time=1670428001237.237;adorn=only"",""provisional"":{""flourishes"":{},""ref"":{""style"":[[0,""""],[0,""color:#1044ee""]]},""legend"":{""_messages"":[],""exons/Introns"":{""exon1"":{""text"":""Translated sequence"",""label"":""#1044ee"",""class"":""e1"",""default"":null},""utr"":{""class"":""eu"",""default"":null,""label"":""#cd6839"",""text"":""UTR""},""flanking"":{""text"":""Flanking sequence"",""label"":""#008000"",""class"":""ef"",""default"":null},""intron"":{""default"":null,""class"":""ei"",""text"":""Intron sequence"",""label"":""#aaaaaa""}}},""seq"":[{""style"":[1]},-1,{""style"":[1,-2,0]}],""expect"":[]}}                GCAAAGGTCCCGAGACTCTTTTTGCTGGCTATAACCTCAATGATAACGAGTGGCACACAGTGCGTGTAGTTCGGCGTGGAAAAAGTTTAAAGTTAACAGTGGATGACCAACAGGCCATGACAG                                                                         "
" ","Intron 13-14","50,733,632","50,724,853","","","8,780","                              {""provisional"":{""ref"":{""style"":[[0,""""],[0,""color:#aaaaaa""]]},""flourishes"":{},""legend"":{""_messages"":[],""exons/Introns"":{""exon1"":{""text"":""Translated sequence"",""label"":""#1044ee"",""class"":""e1"",""default"":null},""utr"":{""label"":""#cd6839"",""text"":""UTR"",""class"":""eu"",""default"":null},""flanking"":{""text"":""Flanking sequence"",""label"":""#008000"",""default"":null,""class"":""ef""},""intron"":{""class"":""ei"",""default"":null,""text"":""Intron sequence"",""label"":""#aaaaaa""}}},""seq"":[{""style"":[1]}],""expect"":[]},""url"":""/Homo_sapiens/Component/Transcript/Exons/exons?db=core;g=ENSG00000179915;r=2:50145643-51259674;t=ENST00000406316;time=1670428001237.237;adorn=only""}                gtaaacacctctgtcccattgtctt..........aatcatatattatcttctcttttag                "
"14","ENSE00003557927","50,724,852","50,724,471","1","2","382","                              {""provisional"":{""legend"":{""_messages"":[],""exons/Introns"":{""exon1"":{""default"":null,""class"":""e1"",""label"":""#1044ee"",""text"":""Translated sequence""},""utr"":{""default"":null,""class"":""eu"",""label"":""#cd6839"",""text"":""UTR""},""flanking"":{""text"":""Flanking sequence"",""label"":""#008000"",""default"":null,""class"":""ef""},""intron"":{""label"":""#aaaaaa"",""text"":""Intron sequence"",""class"":""ei"",""default"":null}}},""ref"":{""style"":[[0,""""],[0,""color:#1044ee""]]},""flourishes"":{},""expect"":[],""seq"":[{""style"":[1]},-5,{""style"":[1,-21,0]}]},""url"":""/Homo_sapiens/Component/Transcript/Exons/exons?db=core;g=ENSG00000179915;r=2:50145643-51259674;t=ENST00000406316;time=1670428001237.237;adorn=only""}                GTCAAATGGCAGGTGATCATACTAGGCTGGAGTTCCATAACATAGAGACTGGCATCATCACAGAACGACGGTATCTTTCTTCTGTCCCCTCCAACTTCATTGGACACCTGCAGAGCTTGACATTTAATGGAATGGCATACATTGACCTGTGTAAAAATGGCGACATAGATTACTGTGAGCTTAATGCCAGATTTGGCTTCAGGAACATCATAGCAGATCCTGTCACCTTCAAGACCAAATCGAGCTATGTTGCCTTAGCTACCTTGCAAGCCTACACTTCTATGCATCTTTTTTTCCAGTTCAAGACAACATCCCTAGATGGATTAATTCTATATAACAGTGGGGATGGAAATGACTTTATTGTGGTTGAATTAGTTAAAGG                                                      "
" ","Intron 14-15","50,724,470","50,723,234","","","1,237","                              {""provisional"":{""flourishes"":{},""ref"":{""style"":[[0,""""],[0,""color:#aaaaaa""]]},""legend"":{""_messages"":[],""exons/Introns"":{""exon1"":{""class"":""e1"",""default"":null,""text"":""Translated sequence"",""label"":""#1044ee""},""utr"":{""label"":""#cd6839"",""text"":""UTR"",""default"":null,""class"":""eu""},""flanking"":{""label"":""#008000"",""text"":""Flanking sequence"",""default"":null,""class"":""ef""},""intron"":{""label"":""#aaaaaa"",""text"":""Intron sequence"",""class"":""ei"",""default"":null}}},""seq"":[{""style"":[1]}],""expect"":[]},""url"":""/Homo_sapiens/Component/Transcript/Exons/exons?db=core;g=ENSG00000179915;r=2:50145643-51259674;t=ENST00000406316;time=1670428001237.237;adorn=only""}                gtgagtacatgcctgttcaatagca..........ttcccctctttcatttttttcccag                "
"15","ENSE00003666351","50,723,233","50,723,043","2","1","191","                              {""provisional"":{""seq"":[{""style"":[1]},-2,{""style"":[1,-10,0]}],""expect"":[],""ref"":{""style"":[[0,""""],[0,""color:#1044ee""]]},""flourishes"":{},""legend"":{""_messages"":[],""exons/Introns"":{""exon1"":{""default"":null,""class"":""e1"",""label"":""#1044ee"",""text"":""Translated sequence""},""utr"":{""default"":null,""class"":""eu"",""label"":""#cd6839"",""text"":""UTR""},""flanking"":{""class"":""ef"",""default"":null,""text"":""Flanking sequence"",""label"":""#008000""},""intron"":{""label"":""#aaaaaa"",""text"":""Intron sequence"",""class"":""ei"",""default"":null}}}},""url"":""/Homo_sapiens/Component/Transcript/Exons/exons?db=core;g=ENSG00000179915;r=2:50145643-51259674;t=ENST00000406316;time=1670428001237.237;adorn=only""}                GTACTTACATTACGTGTTTGATTTGGGAAATGGTGCTAACCTCATCAAAGGAAGCTCAAATAAACCTCTCAATGACAATCAGTGGCACAACGTGATGATATCAAGGGACACCAGCAACCTCCACACTGTAAAGATTGACACAAAAATCACAACGCAAATCACCGCCGGAGCCAGGAACTTAGACCTCAAGA                                                                 "
" ","Intron 15-16","50,723,042","50,699,610","","","23,433","                              {""provisional"":{""expect"":[],""seq"":[{""style"":[1]}],""legend"":{""_messages"":[],""exons/Introns"":{""exon1"":{""default"":null,""class"":""e1"",""label"":""#1044ee"",""text"":""Translated sequence""},""utr"":{""class"":""eu"",""default"":null,""text"":""UTR"",""label"":""#cd6839""},""flanking"":{""label"":""#008000"",""text"":""Flanking sequence"",""default"":null,""class"":""ef""},""intron"":{""class"":""ei"",""default"":null,""text"":""Intron sequence"",""label"":""#aaaaaa""}}},""flourishes"":{},""ref"":{""style"":[[0,""""],[0,""color:#aaaaaa""]]}},""url"":""/Homo_sapiens/Component/Transcript/Exons/exons?db=core;g=ENSG00000179915;r=2:50145643-51259674;t=ENST00000406316;time=1670428001237.237;adorn=only""}                gtaagtgcatgttaagtcagagcaa..........aacaaagactttgatcttcttgcag                "
"16","ENSE00003655408","50,699,609","50,699,436","1","1","174","                              {""provisional"":{""legend"":{""_messages"":[],""exons/Introns"":{""exon1"":{""default"":null,""class"":""e1"",""label"":""#1044ee"",""text"":""Translated sequence""},""utr"":{""default"":null,""class"":""eu"",""text"":""UTR"",""label"":""#cd6839""},""flanking"":{""label"":""#008000"",""text"":""Flanking sequence"",""class"":""ef"",""default"":null},""intron"":{""class"":""ei"",""default"":null,""text"":""Intron sequence"",""label"":""#aaaaaa""}}},""ref"":{""style"":[[0,""""],[0,""color:#1044ee""]]},""flourishes"":{},""expect"":[],""seq"":[{""style"":[1]},-1,{""style"":[1,-53,0]}]},""url"":""/Homo_sapiens/Component/Transcript/Exons/exons?db=core;g=ENSG00000179915;r=2:50145643-51259674;t=ENST00000406316;time=1670428001237.237;adorn=only""}                GTGACTTATATATAGGAGGAGTAGCTAAAGAAACATACAAATCCTTACCAAAACTTGTACATGCCAAAGAAGGCTTTCAAGGCTGCCTGGCATCAGTTGATTTAAATGGACGGCTTCCGGACCTCATCTCCGATGCTCTTTTCTGCAACGGACAGATCGAGAGAGGATGTGAAG                      "
" ","Intron 16-17","50,699,435","50,692,700","","","6,736","                              {""url"":""/Homo_sapiens/Component/Transcript/Exons/exons?db=core;g=ENSG00000179915;r=2:50145643-51259674;t=ENST00000406316;time=1670428001237.237;adorn=only"",""provisional"":{""seq"":[{""style"":[1]}],""expect"":[],""ref"":{""style"":[[0,""""],[0,""color:#aaaaaa""]]},""flourishes"":{},""legend"":{""_messages"":[],""exons/Introns"":{""exon1"":{""label"":""#1044ee"",""text"":""Translated sequence"",""default"":null,""class"":""e1""},""utr"":{""label"":""#cd6839"",""text"":""UTR"",""default"":null,""class"":""eu""},""flanking"":{""text"":""Flanking sequence"",""label"":""#008000"",""class"":""ef"",""default"":null},""intron"":{""class"":""ei"",""default"":null,""label"":""#aaaaaa"",""text"":""Intron sequence""}}}}}                gtattagatttttgtcatcatgctc..........aagtttcctttggattgttttgcag                "
"17","ENSE00003627205","50,692,699","50,692,580","1","1","120","                              {""provisional"":{""expect"":[],""seq"":[{""style"":[1]},-1],""legend"":{""_messages"":[],""exons/Introns"":{""exon1"":{""label"":""#1044ee"",""text"":""Translated sequence"",""default"":null,""class"":""e1""},""utr"":{""label"":""#cd6839"",""text"":""UTR"",""default"":null,""class"":""eu""},""flanking"":{""label"":""#008000"",""text"":""Flanking sequence"",""default"":null,""class"":""ef""},""intron"":{""class"":""ei"",""default"":null,""label"":""#aaaaaa"",""text"":""Intron sequence""}}},""ref"":{""style"":[[0,""""],[0,""color:#1044ee""]]},""flourishes"":{}},""url"":""/Homo_sapiens/Component/Transcript/Exons/exons?db=core;g=ENSG00000179915;r=2:50145643-51259674;t=ENST00000406316;time=1670428001237.237;adorn=only""}                GGCCCAGCACAACCTGCCAAGAGGACTCATGTTCCAATCAAGGTGTGTGCTTGCAACAATGGGATGGCTTCAGCTGTGACTGTAGTATGACTTCCTTCAGTGGACCACTCTGCAATGACC                "
" ","Intron 17-18","50,692,579","50,464,109","","","228,471","                              {""provisional"":{""legend"":{""_messages"":[],""exons/Introns"":{""exon1"":{""text"":""Translated sequence"",""label"":""#1044ee"",""default"":null,""class"":""e1""},""utr"":{""text"":""UTR"",""label"":""#cd6839"",""class"":""eu"",""default"":null},""flanking"":{""label"":""#008000"",""text"":""Flanking sequence"",""default"":null,""class"":""ef""},""intron"":{""label"":""#aaaaaa"",""text"":""Intron sequence"",""default"":null,""class"":""ei""}}},""ref"":{""style"":[[0,""""],[0,""color:#aaaaaa""]]},""flourishes"":{},""expect"":[],""seq"":[{""style"":[1]}]},""url"":""/Homo_sapiens/Component/Transcript/Exons/exons?db=core;g=ENSG00000179915;r=2:50145643-51259674;t=ENST00000406316;time=1670428001237.237;adorn=only""}                gtaagtacctctctgagtatggact..........attggttttggtttttgttttccag                "
"18","ENSE00003667725","50,464,108","50,463,927","1","0","182","                              {""url"":""/Homo_sapiens/Component/Transcript/Exons/exons?db=core;g=ENSG00000179915;r=2:50145643-51259674;t=ENST00000406316;time=1670428001237.237;adorn=only"",""provisional"":{""legend"":{""_messages"":[],""exons/Introns"":{""exon1"":{""label"":""#1044ee"",""text"":""Translated sequence"",""default"":null,""class"":""e1""},""utr"":{""class"":""eu"",""default"":null,""label"":""#cd6839"",""text"":""UTR""},""flanking"":{""default"":null,""class"":""ef"",""text"":""Flanking sequence"",""label"":""#008000""},""intron"":{""label"":""#aaaaaa"",""text"":""Intron sequence"",""class"":""ei"",""default"":null}}},""flourishes"":{},""ref"":{""style"":[[0,""""],[0,""color:#1044ee""]]},""expect"":[],""seq"":[{""style"":[1]},-2,{""style"":[1,-1,0]}]}}                CTGGGACGACATATATCTTTAGCAAAGGTGGTGGACAAATCACGTATAAGTGGCCTCCTAATGACCGACCCAGTACACGAGCAGACAGACTGGCCATAGGTTTTAGCACTGTTCAGAAAGAAGCCGTATTGGTGCGAGTGGACAGTTCTTCAGGCTTGGGTGACTACCTAGAACTGCATATA                                                                          "
" ","Intron 18-19","50,463,926","50,318,633","","","145,294","                              {""provisional"":{""expect"":[],""seq"":[{""style"":[1]}],""legend"":{""_messages"":[],""exons/Introns"":{""exon1"":{""class"":""e1"",""default"":null,""text"":""Translated sequence"",""label"":""#1044ee""},""utr"":{""class"":""eu"",""default"":null,""label"":""#cd6839"",""text"":""UTR""},""flanking"":{""default"":null,""class"":""ef"",""label"":""#008000"",""text"":""Flanking sequence""},""intron"":{""label"":""#aaaaaa"",""text"":""Intron sequence"",""class"":""ei"",""default"":null}}},""ref"":{""style"":[[0,""""],[0,""color:#aaaaaa""]]},""flourishes"":{}},""url"":""/Homo_sapiens/Component/Transcript/Exons/exons?db=core;g=ENSG00000179915;r=2:50145643-51259674;t=ENST00000406316;time=1670428001237.237;adorn=only""}                gtaagtactttttgcataagattca..........tcttttttcccctcctctcttacag                "
"19","ENSE00000962769","50,318,632","50,318,461","0","1","172","                              {""provisional"":{""seq"":[{""style"":[1]},-1,{""style"":[1,-51,0]}],""expect"":[],""flourishes"":{},""ref"":{""style"":[[0,""""],[0,""color:#1044ee""]]},""legend"":{""_messages"":[],""exons/Introns"":{""exon1"":{""label"":""#1044ee"",""text"":""Translated sequence"",""default"":null,""class"":""e1""},""utr"":{""default"":null,""class"":""eu"",""label"":""#cd6839"",""text"":""UTR""},""flanking"":{""text"":""Flanking sequence"",""label"":""#008000"",""class"":""ef"",""default"":null},""intron"":{""default"":null,""class"":""ei"",""text"":""Intron sequence"",""label"":""#aaaaaa""}}}},""url"":""/Homo_sapiens/Component/Transcript/Exons/exons?db=core;g=ENSG00000179915;r=2:50145643-51259674;t=ENST00000406316;time=1670428001237.237;adorn=only""}                CACCAGGGAAAAATTGGAGTTAAGTTTAATGTTGGGACAGATGACATCGCCATTGAAGAATCCAATGCAATCATTAATGATGGGAAATACCATGTAGTTCGTTTCACGAGGAGTGGTGGCAATGCCACGTTGCAGGTGGACAGCTGGCCAGTGATCGAGCGCTACCCTGCAG                        "
" ","Intron 19-20","50,318,460","50,280,729","","","37,732","                              {""provisional"":{""ref"":{""style"":[[0,""""],[0,""color:#aaaaaa""]]},""flourishes"":{},""legend"":{""_messages"":[],""exons/Introns"":{""exon1"":{""default"":null,""class"":""e1"",""label"":""#1044ee"",""text"":""Translated sequence""},""utr"":{""class"":""eu"",""default"":null,""label"":""#cd6839"",""text"":""UTR""},""flanking"":{""text"":""Flanking sequence"",""label"":""#008000"",""default"":null,""class"":""ef""},""intron"":{""label"":""#aaaaaa"",""text"":""Intron sequence"",""class"":""ei"",""default"":null}}},""seq"":[{""style"":[1]}],""expect"":[]},""url"":""/Homo_sapiens/Component/Transcript/Exons/exons?db=core;g=ENSG00000179915;r=2:50145643-51259674;t=ENST00000406316;time=1670428001237.237;adorn=only""}                gtaagcaagtgaatatgtatcgggg..........catgtatgtaatattatttttacag                "
"20","ENSE00000962771","50,280,728","50,280,409","1","0","320","                              {""provisional"":{""legend"":{""_messages"":[],""exons/Introns"":{""exon1"":{""label"":""#1044ee"",""text"":""Translated sequence"",""default"":null,""class"":""e1""},""utr"":{""class"":""eu"",""default"":null,""text"":""UTR"",""label"":""#cd6839""},""flanking"":{""text"":""Flanking sequence"",""label"":""#008000"",""class"":""ef"",""default"":null},""intron"":{""label"":""#aaaaaa"",""text"":""Intron sequence"",""default"":null,""class"":""ei""}}},""ref"":{""style"":[[0,""""],[0,""color:#1044ee""]]},""flourishes"":{},""expect"":[],""seq"":[{""style"":[1]},-4,{""style"":[1,-19,0]}]},""url"":""/Homo_sapiens/Component/Transcript/Exons/exons?db=core;g=ENSG00000179915;r=2:50145643-51259674;t=ENST00000406316;time=1670428001237.237;adorn=only""}                GGCGTCAGCTCACAATCTTCAATAGCCAAGCAACCATAATAATTGGCGGGAAAGAGCAGGGCCAGCCCTTCCAGGGCCAGCTCTCTGGGCTGTACTACAATGGCTTGAAAGTTCTGAATATGGCAGCCGAAAACGATGCCAACATCGCCATAGTGGGAAATGTGAGACTGGTTGGTGAAGTGCCTTCCTCTATGACAACTGAGTCAACAGCCACTGCCATGCAATCAGAGATGTCCACATCAATTATGGAGACTACCACGACCCTGGCTACTAGCACAGCCAGAAGAGGAAAGCCCCCGACAAAAGAACCCATTAGCCAG                                                        "
" ","Intron 20-21","50,280,408","50,170,930","","","109,479","                              {""provisional"":{""expect"":[],""seq"":[{""style"":[1]}],""legend"":{""_messages"":[],""exons/Introns"":{""exon1"":{""label"":""#1044ee"",""text"":""Translated sequence"",""default"":null,""class"":""e1""},""utr"":{""default"":null,""class"":""eu"",""text"":""UTR"",""label"":""#cd6839""},""flanking"":{""default"":null,""class"":""ef"",""text"":""Flanking sequence"",""label"":""#008000""},""intron"":{""class"":""ei"",""default"":null,""label"":""#aaaaaa"",""text"":""Intron sequence""}}},""ref"":{""style"":[[0,""""],[0,""color:#aaaaaa""]]},""flourishes"":{}},""url"":""/Homo_sapiens/Component/Transcript/Exons/exons?db=core;g=ENSG00000179915;r=2:50145643-51259674;t=ENST00000406316;time=1670428001237.237;adorn=only""}                gtgagcctgtggattttattccttc..........tctactgaatgtgattcttttgcag                "
"21","ENSE00001784876","50,170,929","50,170,842","0","1","88","                              {""provisional"":{""seq"":[{""style"":[1]},{""style"":[1,-27,0]}],""expect"":[],""ref"":{""style"":[[0,""""],[0,""color:#1044ee""]]},""flourishes"":{},""legend"":{""_messages"":[],""exons/Introns"":{""exon1"":{""label"":""#1044ee"",""text"":""Translated sequence"",""default"":null,""class"":""e1""},""utr"":{""class"":""eu"",""default"":null,""text"":""UTR"",""label"":""#cd6839""},""flanking"":{""label"":""#008000"",""text"":""Flanking sequence"",""default"":null,""class"":""ef""},""intron"":{""label"":""#aaaaaa"",""text"":""Intron sequence"",""default"":null,""class"":""ei""}}}},""url"":""/Homo_sapiens/Component/Transcript/Exons/exons?db=core;g=ENSG00000179915;r=2:50145643-51259674;t=ENST00000406316;time=1670428001237.237;adorn=only""}                ACCACAGATGACATCCTTGTGGCCTCAGCAGAGTGTCCCAGCGATGATGAGGACATTGACCCCTGTGAGCCGAGCTCAGGTGGGTTAG                                                "
" ","Intron 21-22","50,170,841","50,149,390","","","21,452","                              {""provisional"":{""flourishes"":{},""ref"":{""style"":[[0,""""],[0,""color:#aaaaaa""]]},""legend"":{""_messages"":[],""exons/Introns"":{""exon1"":{""text"":""Translated sequence"",""label"":""#1044ee"",""default"":null,""class"":""e1""},""utr"":{""text"":""UTR"",""label"":""#cd6839"",""class"":""eu"",""default"":null},""flanking"":{""text"":""Flanking sequence"",""label"":""#008000"",""default"":null,""class"":""ef""},""intron"":{""label"":""#aaaaaa"",""text"":""Intron sequence"",""default"":null,""class"":""ei""}}},""seq"":[{""style"":[1]}],""expect"":[]},""url"":""/Homo_sapiens/Component/Transcript/Exons/exons?db=core;g=ENSG00000179915;r=2:50145643-51259674;t=ENST00000406316;time=1670428001237.237;adorn=only""}                gttagtcaactttttttcttacttc..........tttgttctcatcctcttttctatag                "
"22","ENSE00001664671","50,149,389","50,147,488","1","-","1,902","                              {""url"":""/Homo_sapiens/Component/Transcript/Exons/exons?db=core;g=ENSG00000179915;r=2:50145643-51259674;t=ENST00000406316;time=1670428001237.237;adorn=only"",""provisional"":{""expect"":[],""seq"":[{""style"":[1]},-4,{""style"":[1,-7,2]},{""style"":[2]},-24,{""style"":[2,-41,0]}],""legend"":{""_messages"":[],""exons/Introns"":{""exon1"":{""class"":""e1"",""default"":null,""label"":""#1044ee"",""text"":""Translated sequence""},""utr"":{""label"":""#cd6839"",""text"":""UTR"",""class"":""eu"",""default"":null},""flanking"":{""default"":null,""class"":""ef"",""text"":""Flanking sequence"",""label"":""#008000""},""intron"":{""default"":null,""class"":""ei"",""label"":""#aaaaaa"",""text"":""Intron sequence""}}},""flourishes"":{},""ref"":{""style"":[[0,""""],[0,""color:#1044ee""],[7,""cd6839""]]}}}                CCAACCCAACCCGAGCAGGCGGCAGAGAGCCGTATCCAGGCTCAGCAGAAGTGATCCGGGAGTCCAGCAGCACCACGGGTATGGTCGTTGGGATAGTAGCCGCTGCCGCCCTGTGCATCCTTATCCTCCTCTATGCCATGTACAAGTACAGAAACCGGGATGAAGGCTCATACCATGTGGACGAGAGTCGAAACTACATCAGTAACTCAGCACAGTCCAATGGGGCTGTTGTAAAGGAGAAACAACCCAGCAGTGCGAAAAGCTCCAACAAAAATAAGAAAAACAAGGATAAAGAGTATTATGTCTGATCCCAAGATCTTAAATGGACACTTGTATAGAAATAGTCTTCATTTTATCTGAGACATAATATAAACTTATTTACTTTCCTTTTTATGAAGCACATACAAAAGAAGACAGGGAATGCAATCAGGAAGGAAAGACTTTTTAAAAAATAAAAACAAGTATCTCATGCTCTTGTTTCTCAAAAAAGAAAAACAAAAAACAAAAAACAGGGGCCAATAAATTCCCTAACATCCACAGTGTTTTCATTTACTCTGCTTGTCTTTATGTTGCTGGAACATTTCTAAAAGACAGTGATGACCGCACGCATTCATAAAGCAAAGGAGTACTACAGCATCAAGGCACAACACAAAAACCAACACAAAACATAACACAAAAAAGAAGCTACCTATGATCCTGGATTTAGCCAAAGTGCTAGCGCTTTCCTGAGAAGTCAGTCCAATTGCCAGAGAAGACTGTCCTTTTGAGTGACTCAACCTGCAAACCTTTAAGAGTTTGCCGCCTGGTGCAACTGGAGCAGTGGTTGGAACTTGCATTTGAAACAAAGTGCTGGCTTTTTTGAAGACTTGTGTAGGAACACATTCAAAAAGCCCCTTTCTGGTTGTGAGAGAGGAAAAAAAAGTATGGAGGCCTTATTTTCAAAAATGTGAAATATAAGGCACGTTTTCACACAAAATTTCAAAACAAAAACAAGAGGGCATAGATGCAATCATTGGGAAATTTTCATGCACGCTTATTATGTTATTACATATGTTTATATAAAATCCATCTCTGTGTGCTTTCTGGACTGTGATAAGTGACGTTTTATAGCCTGTTGTATAGAAAATGCAAAATATATCTCTGCTCTTCAGCCATTTTTGGTAAATTCAATGTTATAAGTGTTGCTAAGTATAGGGAGTTTTATGACATCAGAGCAACAATTATTTCAGTTGGGTTTTTCTTTTTTTTTGCCACCATTATAAATTGCCACAATTACTTTTATTTTTTAAAGAAATTACAGTGTAGTGTTTATTCTAAGGAAGATATGTATGAATGTATATACAAAGACTCAGCTACTTCTTTTCTTATATGTACAGCCTTCATTCTGTTGCAATTAAGTTTTAGTACTTGTATGAAAGGTGTGAATTAGAAAGTCACATATATACATATGTATCTTATAATCTTTTCTCCCTGAAATACTCACATTCCCACATACATTCACTATTTTCACACACACACACACACACACACACACACACACACACACACACACACGAATCCACAGCAATCCATCAGATATGCTGGAAGATCCAAACGTGCATACAGTAGCAAATATTTATTGACAAATTGAAAAGCAGGAAGGAAGAGGGTTGTGCCAAGGTATTGATGACAAATGGGGTGATTTGCTTCATTGAGATCTTGCTCCCAGGTAACCTTAAGAAGATTTTAGTCCCTAAAGAAATGAACCTTTCCTTATCAAATAGAATATCACTGATATACTGCTGCATGAATAAGAACCATTATGTGGGCAGGTTATGGAAGCAAAATTGGTTAATCTACACCTTAACTCTGGCTGCTGCAATTGAAAACTTTCTTTCTAATAAAATAATATATATATCTCTG                                  "
"","3' downstream sequence","","","","","","                              {""url"":""/Homo_sapiens/Component/Transcript/Exons/exons?db=core;g=ENSG00000179915;r=2:50145643-51259674;t=ENST00000406316;time=1670428001237.237;adorn=only"",""provisional"":{""expect"":[],""seq"":[{""style"":[1]}],""legend"":{""_messages"":[],""exons/Introns"":{""exon1"":{""label"":""#1044ee"",""text"":""Translated sequence"",""default"":null,""class"":""e1""},""utr"":{""class"":""eu"",""default"":null,""text"":""UTR"",""label"":""#cd6839""},""flanking"":{""text"":""Flanking sequence"",""label"":""#008000"",""class"":""ef"",""default"":null},""intron"":{""text"":""Intron sequence"",""label"":""#aaaaaa"",""class"":""ei"",""default"":null}}},""ref"":{""style"":[[0,""""],[0,""color:#008000""]]},""flourishes"":{}}}                aatctgatgtgcatgatgaacatttctggaaagtaaacactttctctcga..........                "
